Personnel_Number,Full_Name
235147,Engineer 01
268468,Engineer 02
270993,Engineer 03
271041,Engineer 04
272616,Engineer 07
301001,Engineer 08
301025,Engineer 09
301028,Engineer 10
301035,Engineer 11
301049,Engineer 12
301050,Engineer 13
301079,Engineer 15
301088,Engineer 16
301103,Engineer 17
301110,Engineer 18
301147,Engineer 19
301179,Engineer 20
301190,Engineer 21
301193,Engineer 23
301201,Engineer 24
301204,Engineer 25
301229,Engineer 27
301232,Engineer 28
301240,Engineer 29
301254,Engineer 30
301259,Engineer 31
301267,Engineer 32
301268,Engineer 33
301307,Engineer 35
301312,Engineer 36
303788,Engineer 37
330288,Engineer 39
377755,Engineer 40
394501,Engineer 42
395992,Engineer 43
403536,Engineer 44
432620,Engineer 45
433035,Engineer 46
433736,Engineer 47
438681,Engineer 48
441307,Engineer 49
449147,Engineer 50
452819,Engineer 51
458898,Engineer 52
459625,Engineer 53
464153,Engineer 54
465930,Engineer 55
490548,Engineer 56
498235,Engineer 57
518554,Engineer 58
611520,Engineer 59
611922,Engineer 60
630690,Engineer 62
642001,Engineer 63
645541,Engineer 64
648530,Engineer 65
671572,Engineer 66
671639,Engineer 67
675299,Engineer 68
679193,Engineer 69
679220,Engineer 70
686612,Engineer 72
689278,Engineer 73
723636,Engineer 74
737664,Engineer 75
770448,Engineer 76
776950,Engineer 77
815789,Engineer 78
825985,Engineer 79
860055,Engineer 80
865970,Engineer 81
872114,Engineer 82
